group, workerId, subj_id, block, trial, stage, start, goal_original, goal, state_path, length, action_path, feature_path, reward_path, RTs, keys, valid_keys, RT_tot, reward, feature_shuffle, timestamp, datetime, check_fails
A,A1SIUJEL2LS8UO,1680008846578,0,0,train,1,[0 1],[0 1],1 2 3,3,-1 -1,[];[],0 0,1004 3025,116 116,0 1,4029,0,[0 1],1613148017.82,Fri Feb 12 2021 10:40:17 GMT-0600 (Central Standard Time),0
A,A1SIUJEL2LS8UO,1680008846578,0,1,train,1,[1 0],[1 0],1 2 3,3,1 2,[2 0];[2 3],2 2,590 3488,50 49,0 1,4078,4,[0 1],1613148027.688,Fri Feb 12 2021 10:40:27 GMT-0600 (Central Standard Time),0
A,A1SIUJEL2LS8UO,1680008846578,0,2,train,1,[1 0],[1 0],1 2 3,3,1 1,[2 0];[3 0],2 3,459 3041,50 50,0 1,3500,5,[0 1],1613148036.99,Fri Feb 12 2021 10:40:36 GMT-0600 (Central Standard Time),0
A,A1SIUJEL2LS8UO,1680008846578,0,3,train,1,[0 1],[0 1],1 2 3,3,2 2,[0 1];[2 3],1 3,347 3181,49 49,0 1,3528,4,[0 1],1613148046.296,Fri Feb 12 2021 10:40:46 GMT-0600 (Central Standard Time),0
A,A1SIUJEL2LS8UO,1680008846578,0,4,train,1,[0 1],[0 1],1 2 3,3,2 3,[0 1];[0 4],1 4,262 3008,49 51,0 1,3270,5,[0 1],1613148055.359,Fri Feb 12 2021 10:40:55 GMT-0600 (Central Standard Time),0
A,A1SIUJEL2LS8UO,1680008846578,0,5,train,1,[0 1],[0 1],1 2 3,3,2 3,[0 1];[0 4],1 4,332 3141,49 51,0 1,3473,5,[0 1],1613148064.627,Fri Feb 12 2021 10:41:04 GMT-0600 (Central Standard Time),0
A,A1SIUJEL2LS8UO,1680008846578,0,6,train,1,[0 1],[0 1],1 2 3,3,2 3,[0 1];[0 4],1 4,347 3136,49 51,0 1,3483,5,[0 1],1613148073.889,Fri Feb 12 2021 10:41:13 GMT-0600 (Central Standard Time),0
A,A1SIUJEL2LS8UO,1680008846578,0,7,train,1,[1 0],[1 0],1 2 3,3,1 1,[2 0];[3 0],2 3,355 3203,50 50,0 1,3558,5,[0 1],1613148083.221,Fri Feb 12 2021 10:41:23 GMT-0600 (Central Standard Time),0
A,A1SIUJEL2LS8UO,1680008846578,0,8,train,1,[0 1],[0 1],1 2 3,3,2 3,[0 1];[0 4],1 4,548 3083,49 51,0 1,3631,5,[0 1],1613148092.64,Fri Feb 12 2021 10:41:32 GMT-0600 (Central Standard Time),0
A,A1SIUJEL2LS8UO,1680008846578,0,9,train,1,[1 0],[1 0],1 2 3,3,1 2,[2 0];[2 3],2 2,355 3134,50 49,0 1,3489,4,[0 1],1613148101.925,Fri Feb 12 2021 10:41:41 GMT-0600 (Central Standard Time),0
A,A1SIUJEL2LS8UO,1680008846578,0,10,train,1,[1 0],[1 0],1 2 3,3,1 3,[2 0];[0 4],2 0,397 3084,50 51,0 1,3481,2,[0 1],1613148111.198,Fri Feb 12 2021 10:41:51 GMT-0600 (Central Standard Time),0
A,A1SIUJEL2LS8UO,1680008846578,0,11,train,1,[1 0],[1 0],1 2 3,3,1 1,[2 0];[3 0],2 3,335 3149,50 50,0 1,3484,5,[0 1],1613148120.468,Fri Feb 12 2021 10:42:00 GMT-0600 (Central Standard Time),0
A,A1SIUJEL2LS8UO,1680008846578,0,12,train,1,[0 1],[0 1],1 2 3,3,2 3,[0 1];[0 4],1 4,259 3189,49 51,0 1,3448,5,[0 1],1613148129.704,Fri Feb 12 2021 10:42:09 GMT-0600 (Central Standard Time),0
A,A1SIUJEL2LS8UO,1680008846578,0,13,train,1,[0 1],[0 1],1 2 3,3,2 3,[0 1];[0 4],1 4,274 3028,49 51,0 1,3302,5,[0 1],1613148138.794,Fri Feb 12 2021 10:42:18 GMT-0600 (Central Standard Time),0
A,A1SIUJEL2LS8UO,1680008846578,0,14,train,1,[1 0],[1 0],1 2 3,3,1 1,[2 0];[3 0],2 3,510 244 3103,51 50 50,1 2,3857,5,[0 1],1613148148.441,Fri Feb 12 2021 10:42:28 GMT-0600 (Central Standard Time),0
A,A1SIUJEL2LS8UO,1680008846578,0,15,train,1,[0 1],[0 1],1 2 3,3,2 3,[0 1];[0 4],1 4,250 3078,49 51,0 1,3328,5,[0 1],1613148157.576,Fri Feb 12 2021 10:42:37 GMT-0600 (Central Standard Time),0
A,A1SIUJEL2LS8UO,1680008846578,0,16,train,1,[1 0],[1 0],1 2 3,3,1 1,[2 0];[3 0],2 3,276 3153,50 50,0 1,3429,5,[0 1],1613148166.797,Fri Feb 12 2021 10:42:46 GMT-0600 (Central Standard Time),0
A,A1SIUJEL2LS8UO,1680008846578,0,17,train,1,[1 0],[1 0],1 2 3,3,1 1,[2 0];[3 0],2 3,284 3232,50 50,0 1,3516,5,[0 1],1613148176.109,Fri Feb 12 2021 10:42:56 GMT-0600 (Central Standard Time),0
A,A1SIUJEL2LS8UO,1680008846578,0,18,train,1,[0 1],[0 1],1 2 3,3,2 3,[0 1];[0 4],1 4,283 3221,49 51,0 1,3504,5,[0 1],1613148185.398,Fri Feb 12 2021 10:43:05 GMT-0600 (Central Standard Time),0
A,A1SIUJEL2LS8UO,1680008846578,0,19,train,1,[1 0],[1 0],1 2 3,3,1 1,[2 0];[3 0],2 3,428 3210,50 50,0 1,3638,5,[0 1],1613148194.836,Fri Feb 12 2021 10:43:14 GMT-0600 (Central Standard Time),0
A,A1SIUJEL2LS8UO,1680008846578,0,0,test,1,[1 1],[1 1],1 2 3,3,2 3,[0 1];[0 4],1 4,745 3063,49 51,0 1,3808,5,[0 1],1613148204.433,Fri Feb 12 2021 10:43:24 GMT-0600 (Central Standard Time),0
A,A1SIUJEL2LS8UO,1680008846578,1,0,train,1,[1 0],[1 0],1 2 3,3,2 3,[0 1];[0 4],0 0,535 3606,49 49,0 1,4141,0,[0 1],1613148218.358,Fri Feb 12 2021 10:43:38 GMT-0600 (Central Standard Time),0
A,A1SIUJEL2LS8UO,1680008846578,1,1,train,1,[1 0],[1 0],1 2 3,3,1 3,[2 0];[0 4],2 0,336 3076,50 49,0 1,3412,2,[0 1],1613148227.556,Fri Feb 12 2021 10:43:47 GMT-0600 (Central Standard Time),0
A,A1SIUJEL2LS8UO,1680008846578,1,2,train,1,[0 1],[0 1],1 2 3,3,2 3,[0 1];[0 4],1 4,295 3097,49 49,0 1,3392,5,[0 1],1613148236.742,Fri Feb 12 2021 10:43:56 GMT-0600 (Central Standard Time),0
A,A1SIUJEL2LS8UO,1680008846578,1,3,train,1,[1 0],[1 0],1 2 3,3,1 2,[2 0];[2 3],2 2,269 3095,50 50,0 1,3364,4,[0 1],1613148245.881,Fri Feb 12 2021 10:44:05 GMT-0600 (Central Standard Time),0
A,A1SIUJEL2LS8UO,1680008846578,1,4,train,1,[0 1],[0 1],1 2 3,3,2 3,[0 1];[0 4],1 4,621 3066,49 49,0 1,3687,5,[0 1],1613148255.367,Fri Feb 12 2021 10:44:15 GMT-0600 (Central Standard Time),0
A,A1SIUJEL2LS8UO,1680008846578,1,5,train,1,[1 0],[1 0],1 2 3,3,1 1,[2 0];[3 0],2 3,284 3066,50 51,0 1,3350,5,[0 1],1613148264.505,Fri Feb 12 2021 10:44:24 GMT-0600 (Central Standard Time),0
A,A1SIUJEL2LS8UO,1680008846578,1,6,train,1,[1 0],[1 0],1 2 3,3,1 1,[2 0];[3 0],2 3,289 3155,50 51,0 1,3444,5,[0 1],1613148273.727,Fri Feb 12 2021 10:44:33 GMT-0600 (Central Standard Time),0
A,A1SIUJEL2LS8UO,1680008846578,1,7,train,1,[0 1],[0 1],1 2 3,3,2 3,[0 1];[0 4],1 4,315 3114,49 49,0 1,3429,5,[0 1],1613148282.947,Fri Feb 12 2021 10:44:42 GMT-0600 (Central Standard Time),0
A,A1SIUJEL2LS8UO,1680008846578,1,8,train,1,[0 1],[0 1],1 2 3,3,2 3,[0 1];[0 4],1 4,280 3107,49 49,0 1,3387,5,[0 1],1613148292.124,Fri Feb 12 2021 10:44:52 GMT-0600 (Central Standard Time),0
A,A1SIUJEL2LS8UO,1680008846578,1,9,train,1,[1 0],[1 0],1 2 3,3,1 1,[2 0];[3 0],2 3,263 3584,50 51,0 1,3847,5,[0 1],1613148301.769,Fri Feb 12 2021 10:45:01 GMT-0600 (Central Standard Time),0
A,A1SIUJEL2LS8UO,1680008846578,1,10,train,1,[1 0],[1 0],1 2 3,3,1 1,[2 0];[3 0],2 3,327 3135,50 51,0 1,3462,5,[0 1],1613148311.036,Fri Feb 12 2021 10:45:11 GMT-0600 (Central Standard Time),0
A,A1SIUJEL2LS8UO,1680008846578,1,11,train,1,[1 0],[1 0],1 2 3,3,1 1,[2 0];[3 0],2 3,243 3154,50 51,0 1,3397,5,[0 1],1613148320.225,Fri Feb 12 2021 10:45:20 GMT-0600 (Central Standard Time),0
A,A1SIUJEL2LS8UO,1680008846578,1,12,train,1,[0 1],[0 1],1 2 3,3,2 3,[0 1];[0 4],1 4,324 3163,49 49,0 1,3487,5,[0 1],1613148329.497,Fri Feb 12 2021 10:45:29 GMT-0600 (Central Standard Time),0
A,A1SIUJEL2LS8UO,1680008846578,1,13,train,1,[0 1],[0 1],1 2 3,3,2 3,[0 1];[0 4],1 4,432 3130,49 49,0 1,3562,5,[0 1],1613148338.84,Fri Feb 12 2021 10:45:38 GMT-0600 (Central Standard Time),0
A,A1SIUJEL2LS8UO,1680008846578,1,14,train,1,[0 1],[0 1],1 2 3,3,2 3,[0 1];[0 4],1 4,309 3323,49 49,0 1,3632,5,[0 1],1613148348.263,Fri Feb 12 2021 10:45:48 GMT-0600 (Central Standard Time),0
A,A1SIUJEL2LS8UO,1680008846578,1,15,train,1,[0 1],[0 1],1 2 3,3,2 3,[0 1];[0 4],1 4,279 3109,49 49,0 1,3388,5,[0 1],1613148357.429,Fri Feb 12 2021 10:45:57 GMT-0600 (Central Standard Time),0
A,A1SIUJEL2LS8UO,1680008846578,1,16,train,1,[1 0],[1 0],1 2 3,3,1 1,[2 0];[3 0],2 3,334 3060,50 51,0 1,3394,5,[0 1],1613148366.601,Fri Feb 12 2021 10:46:06 GMT-0600 (Central Standard Time),0
A,A1SIUJEL2LS8UO,1680008846578,1,17,train,1,[1 0],[1 0],1 2 3,3,1 1,[2 0];[3 0],2 3,434 3214,50 51,0 1,3648,5,[0 1],1613148376.056,Fri Feb 12 2021 10:46:16 GMT-0600 (Central Standard Time),0
A,A1SIUJEL2LS8UO,1680008846578,1,18,train,1,[0 1],[0 1],1 2 3,3,2 3,[0 1];[0 4],1 4,397 3237,49 49,0 1,3634,5,[0 1],1613148385.475,Fri Feb 12 2021 10:46:25 GMT-0600 (Central Standard Time),0
A,A1SIUJEL2LS8UO,1680008846578,1,19,train,1,[0 1],[0 1],1 2 3,3,2 3,[0 1];[0 4],1 4,293 3276,49 49,0 1,3569,5,[0 1],1613148394.846,Fri Feb 12 2021 10:46:34 GMT-0600 (Central Standard Time),0
A,A1SIUJEL2LS8UO,1680008846578,1,0,test,1,[1 1],[1 1],1 2 3,3,2 1,[0 1];[3 0],1 3,816 3095,49 51,0 1,3911,4,[0 1],1613148404.536,Fri Feb 12 2021 10:46:44 GMT-0600 (Central Standard Time),0
A,A1SIUJEL2LS8UO,1680008846578,2,0,train,1,[0 1],[1 0],1 2 3,3,1 2,[0 2];[3 2],0 3,673 3164,49 50,0 1,3837,3,[1 0],1613148418.163,Fri Feb 12 2021 10:46:58 GMT-0600 (Central Standard Time),0
A,A1SIUJEL2LS8UO,1680008846578,2,1,train,1,[0 1],[1 0],1 2 3,3,1 3,[0 2];[4 0],0 4,610 3100,49 49,0 1,3710,4,[1 0],1613148427.686,Fri Feb 12 2021 10:47:07 GMT-0600 (Central Standard Time),0
A,A1SIUJEL2LS8UO,1680008846578,2,2,train,1,[1 0],[0 1],1 2 3,3,1 2,[0 2];[3 2],2 2,284 3036,49 50,0 1,3320,4,[1 0],1613148436.841,Fri Feb 12 2021 10:47:16 GMT-0600 (Central Standard Time),0
A,A1SIUJEL2LS8UO,1680008846578,2,3,train,1,[0 1],[1 0],1 2 3,3,1 3,[0 2];[4 0],0 4,236 3103,49 49,0 1,3339,4,[1 0],1613148445.986,Fri Feb 12 2021 10:47:25 GMT-0600 (Central Standard Time),0
A,A1SIUJEL2LS8UO,1680008846578,2,4,train,1,[0 1],[1 0],1 2 3,3,2 3,[1 0];[4 0],1 4,264 3062,50 49,0 1,3326,5,[1 0],1613148455.135,Fri Feb 12 2021 10:47:35 GMT-0600 (Central Standard Time),0
A,A1SIUJEL2LS8UO,1680008846578,2,5,train,1,[0 1],[1 0],1 2 3,3,2 3,[1 0];[4 0],1 4,339 3093,50 49,0 1,3432,5,[1 0],1613148464.363,Fri Feb 12 2021 10:47:44 GMT-0600 (Central Standard Time),0
A,A1SIUJEL2LS8UO,1680008846578,2,6,train,1,[1 0],[0 1],1 2 3,3,1 1,[0 2];[0 3],2 3,271 3017,49 51,0 1,3288,5,[1 0],1613148473.451,Fri Feb 12 2021 10:47:53 GMT-0600 (Central Standard Time),0
A,A1SIUJEL2LS8UO,1680008846578,2,7,train,1,[0 1],[1 0],1 2 3,3,2 3,[1 0];[4 0],1 4,258 3079,50 49,0 1,3337,5,[1 0],1613148482.609,Fri Feb 12 2021 10:48:02 GMT-0600 (Central Standard Time),0
A,A1SIUJEL2LS8UO,1680008846578,2,8,train,1,[1 0],[0 1],1 2 3,3,2 -1,[1 0];[],0 0,245 3778,50 116,0 1,4023,0,[1 0],1613148491.676,Fri Feb 12 2021 10:48:11 GMT-0600 (Central Standard Time),0
A,A1SIUJEL2LS8UO,1680008846578,2,9,train,1,[0 1],[1 0],1 2 3,3,1 3,[0 2];[4 0],0 4,190 3065,49 49,0 1,3255,4,[1 0],1613148500.759,Fri Feb 12 2021 10:48:20 GMT-0600 (Central Standard Time),0
A,A1SIUJEL2LS8UO,1680008846578,2,10,train,1,[1 0],[0 1],1 2 3,3,1 2,[0 2];[3 2],2 2,248 3049,49 50,0 1,3297,4,[1 0],1613148509.874,Fri Feb 12 2021 10:48:29 GMT-0600 (Central Standard Time),0
A,A1SIUJEL2LS8UO,1680008846578,2,11,train,1,[0 1],[1 0],1 2 3,3,2 3,[1 0];[4 0],1 4,540 3041,50 49,0 1,3581,5,[1 0],1613148519.262,Fri Feb 12 2021 10:48:39 GMT-0600 (Central Standard Time),0
A,A1SIUJEL2LS8UO,1680008846578,2,12,train,1,[1 0],[0 1],1 2 3,3,1 1,[0 2];[0 3],2 3,218 3051,49 51,0 1,3269,5,[1 0],1613148528.334,Fri Feb 12 2021 10:48:48 GMT-0600 (Central Standard Time),0
A,A1SIUJEL2LS8UO,1680008846578,2,13,train,1,[1 0],[0 1],1 2 3,3,1 1,[0 2];[0 3],2 3,258 3076,49 51,0 1,3334,5,[1 0],1613148537.459,Fri Feb 12 2021 10:48:57 GMT-0600 (Central Standard Time),0
A,A1SIUJEL2LS8UO,1680008846578,2,14,train,1,[0 1],[1 0],1 2 3,3,2 3,[1 0];[4 0],1 4,794 3336,50 49,0 1,4130,5,[1 0],1613148547.407,Fri Feb 12 2021 10:49:07 GMT-0600 (Central Standard Time),0
A,A1SIUJEL2LS8UO,1680008846578,2,15,train,1,[1 0],[0 1],1 2 3,3,1 1,[0 2];[0 3],2 3,285 3091,49 51,0 1,3376,5,[1 0],1613148556.574,Fri Feb 12 2021 10:49:16 GMT-0600 (Central Standard Time),0
A,A1SIUJEL2LS8UO,1680008846578,2,16,train,1,[1 0],[0 1],1 2 3,3,1 1,[0 2];[0 3],2 3,312 3099,49 51,0 1,3411,5,[1 0],1613148565.78,Fri Feb 12 2021 10:49:25 GMT-0600 (Central Standard Time),0
A,A1SIUJEL2LS8UO,1680008846578,2,17,train,1,[1 0],[0 1],1 2 3,3,2 3,[1 0];[4 0],0 0,232 3197,50 49,0 1,3429,0,[1 0],1613148575.049,Fri Feb 12 2021 10:49:35 GMT-0600 (Central Standard Time),0
A,A1SIUJEL2LS8UO,1680008846578,2,18,train,1,[1 0],[0 1],1 2 3,3,1 1,[0 2];[0 3],2 3,686 3223,49 51,0 1,3909,5,[1 0],1613148584.776,Fri Feb 12 2021 10:49:44 GMT-0600 (Central Standard Time),0
A,A1SIUJEL2LS8UO,1680008846578,2,19,train,1,[0 1],[1 0],1 2 3,3,1 3,[0 2];[4 0],0 4,498 3090,49 49,0 1,3588,4,[1 0],1613148594.17,Fri Feb 12 2021 10:49:54 GMT-0600 (Central Standard Time),0
A,A1SIUJEL2LS8UO,1680008846578,2,0,test,1,[1 1],[1 1],1 2 3,3,1 2,[0 2];[3 2],2 5,224 3042,49 50,0 1,3266,7,[1 0],1613148603.234,Fri Feb 12 2021 10:50:03 GMT-0600 (Central Standard Time),0
A,A1SIUJEL2LS8UO,1680008846578,3,0,train,1,[1 0],[1 0],1 2 3,3,2 2,[0 1];[2 3],0 2,281 3081,49 49,0 1,3362,2,[0 1],1613148616.387,Fri Feb 12 2021 10:50:16 GMT-0600 (Central Standard Time),0
A,A1SIUJEL2LS8UO,1680008846578,3,1,train,1,[1 0],[1 0],1 2 3,3,1 1,[2 0];[3 0],2 3,345 2996,50 50,0 1,3341,5,[0 1],1613148625.516,Fri Feb 12 2021 10:50:25 GMT-0600 (Central Standard Time),0
A,A1SIUJEL2LS8UO,1680008846578,3,2,train,1,[0 1],[0 1],1 2 3,3,2 3,[0 1];[0 4],1 4,249 3058,49 51,0 1,3307,5,[0 1],1613148634.607,Fri Feb 12 2021 10:50:34 GMT-0600 (Central Standard Time),0
A,A1SIUJEL2LS8UO,1680008846578,3,3,train,1,[1 0],[1 0],1 2 3,3,1 1,[2 0];[3 0],2 3,250 3036,50 50,0 1,3286,5,[0 1],1613148643.689,Fri Feb 12 2021 10:50:43 GMT-0600 (Central Standard Time),0
A,A1SIUJEL2LS8UO,1680008846578,3,4,train,1,[0 1],[0 1],1 2 3,3,2 -1,[0 1];[],1 0,324 3793,49 116,0 1,4117,1,[0 1],1613148652.841,Fri Feb 12 2021 10:50:52 GMT-0600 (Central Standard Time),0
A,A1SIUJEL2LS8UO,1680008846578,3,5,train,1,[1 0],[1 0],1 2 3,3,1 1,[2 0];[3 0],2 3,810 3086,50 50,0 1,3896,5,[0 1],1613148662.533,Fri Feb 12 2021 10:51:02 GMT-0600 (Central Standard Time),0
A,A1SIUJEL2LS8UO,1680008846578,3,6,train,1,[1 0],[1 0],1 2 3,3,-1 3,[];[0 4],0 0,1007 2513,116 51,0 1,3520,0,[0 1],1613148671.846,Fri Feb 12 2021 10:51:11 GMT-0600 (Central Standard Time),0
A,A1SIUJEL2LS8UO,1680008846578,3,7,train,1,[0 1],[0 1],1 2 3,3,2 3,[0 1];[0 4],1 4,241 3069,49 51,0 1,3310,5,[0 1],1613148680.939,Fri Feb 12 2021 10:51:20 GMT-0600 (Central Standard Time),0
A,A1SIUJEL2LS8UO,1680008846578,3,8,train,1,[1 0],[1 0],1 2 3,3,1 1,[2 0];[3 0],2 3,233 3023,50 50,0 1,3256,5,[0 1],1613148689.985,Fri Feb 12 2021 10:51:29 GMT-0600 (Central Standard Time),0
A,A1SIUJEL2LS8UO,1680008846578,3,9,train,1,[0 1],[0 1],1 2 3,3,2 3,[0 1];[0 4],1 4,304 3172,49 51,0 1,3476,5,[0 1],1613148699.249,Fri Feb 12 2021 10:51:39 GMT-0600 (Central Standard Time),0
A,A1SIUJEL2LS8UO,1680008846578,3,10,train,1,[0 1],[0 1],1 2 3,3,2 3,[0 1];[0 4],1 4,340 3078,49 51,0 1,3418,5,[0 1],1613148708.457,Fri Feb 12 2021 10:51:48 GMT-0600 (Central Standard Time),0
A,A1SIUJEL2LS8UO,1680008846578,3,11,train,1,[1 0],[1 0],1 2 3,3,1 1,[2 0];[3 0],2 3,197 2988,50 50,0 1,3185,5,[0 1],1613148717.431,Fri Feb 12 2021 10:51:57 GMT-0600 (Central Standard Time),0
A,A1SIUJEL2LS8UO,1680008846578,3,12,train,1,[0 1],[0 1],1 2 3,3,2 3,[0 1];[0 4],1 4,243 3079,49 51,0 1,3322,5,[0 1],1613148726.564,Fri Feb 12 2021 10:52:06 GMT-0600 (Central Standard Time),0
A,A1SIUJEL2LS8UO,1680008846578,3,13,train,1,[1 0],[1 0],1 2 3,3,1 1,[2 0];[3 0],2 3,944 3062,50 50,0 1,4006,5,[0 1],1613148736.358,Fri Feb 12 2021 10:52:16 GMT-0600 (Central Standard Time),0
A,A1SIUJEL2LS8UO,1680008846578,3,14,train,1,[1 0],[1 0],1 2 3,3,1 1,[2 0];[3 0],2 3,677 3040,50 50,0 1,3717,5,[0 1],1613148745.848,Fri Feb 12 2021 10:52:25 GMT-0600 (Central Standard Time),0
A,A1SIUJEL2LS8UO,1680008846578,3,15,train,1,[0 1],[0 1],1 2 3,3,2 3,[0 1];[0 4],1 4,243 3145,49 51,0 1,3388,5,[0 1],1613148755.037,Fri Feb 12 2021 10:52:35 GMT-0600 (Central Standard Time),0
A,A1SIUJEL2LS8UO,1680008846578,3,16,train,1,[0 1],[0 1],1 2 3,3,-1 3,[];[0 4],0 4,1009 2276,116 51,0 1,3285,4,[0 1],1613148764.117,Fri Feb 12 2021 10:52:44 GMT-0600 (Central Standard Time),0
A,A1SIUJEL2LS8UO,1680008846578,3,17,train,1,[0 1],[0 1],1 2 3,3,2 3,[0 1];[0 4],1 4,194 3042,49 51,0 1,3236,5,[0 1],1613148773.147,Fri Feb 12 2021 10:52:53 GMT-0600 (Central Standard Time),0
A,A1SIUJEL2LS8UO,1680008846578,3,18,train,1,[0 1],[0 1],1 2 3,3,2 3,[0 1];[0 4],1 4,330 3066,49 51,0 1,3396,5,[0 1],1613148782.337,Fri Feb 12 2021 10:53:02 GMT-0600 (Central Standard Time),0
A,A1SIUJEL2LS8UO,1680008846578,3,19,train,1,[1 0],[1 0],1 2 3,3,1 1,[2 0];[3 0],2 3,299 3450,50 50,0 1,3749,5,[0 1],1613148791.892,Fri Feb 12 2021 10:53:11 GMT-0600 (Central Standard Time),0
A,A1SIUJEL2LS8UO,1680008846578,3,0,test,1,[1 1],[1 1],1 2 3,3,1 2,[2 0];[2 3],2 5,398 3115,50 49,0 1,3513,7,[0 1],1613148801.194,Fri Feb 12 2021 10:53:21 GMT-0600 (Central Standard Time),0
A,A1SIUJEL2LS8UO,1680008846578,4,0,train,1,[1 0],[0 1],1 2 3,3,2 1,[1 0];[0 3],0 3,322 3795,49 49,0 1,4117,3,[1 0],1613148815.103,Fri Feb 12 2021 10:53:35 GMT-0600 (Central Standard Time),0
A,A1SIUJEL2LS8UO,1680008846578,4,1,train,1,[1 0],[0 1],1 2 3,3,1 1,[0 2];[0 3],2 3,254 3080,50 49,0 1,3334,5,[1 0],1613148824.245,Fri Feb 12 2021 10:53:44 GMT-0600 (Central Standard Time),0
A,A1SIUJEL2LS8UO,1680008846578,4,2,train,1,[1 0],[0 1],1 2 3,3,1 1,[0 2];[0 3],2 3,245 3028,50 49,0 1,3273,5,[1 0],1613148833.318,Fri Feb 12 2021 10:53:53 GMT-0600 (Central Standard Time),0
A,A1SIUJEL2LS8UO,1680008846578,4,3,train,1,[1 0],[0 1],1 2 3,3,1 1,[0 2];[0 3],2 3,215 3053,50 49,0 1,3268,5,[1 0],1613148842.371,Fri Feb 12 2021 10:54:02 GMT-0600 (Central Standard Time),0
A,A1SIUJEL2LS8UO,1680008846578,4,4,train,1,[1 0],[0 1],1 2 3,3,1 1,[0 2];[0 3],2 3,277 3083,50 49,0 1,3360,5,[1 0],1613148851.531,Fri Feb 12 2021 10:54:11 GMT-0600 (Central Standard Time),0
A,A1SIUJEL2LS8UO,1680008846578,4,5,train,1,[1 0],[0 1],1 2 3,3,1 1,[0 2];[0 3],2 3,308 3169,50 49,0 1,3477,5,[1 0],1613148860.819,Fri Feb 12 2021 10:54:20 GMT-0600 (Central Standard Time),0
A,A1SIUJEL2LS8UO,1680008846578,4,6,train,1,[1 0],[0 1],1 2 3,3,1 1,[0 2];[0 3],2 3,285 3348,50 49,0 1,3633,5,[1 0],1613148870.239,Fri Feb 12 2021 10:54:30 GMT-0600 (Central Standard Time),0
A,A1SIUJEL2LS8UO,1680008846578,4,7,train,1,[1 0],[0 1],1 2 3,3,1 1,[0 2];[0 3],2 3,457 3101,50 49,0 1,3558,5,[1 0],1613148879.615,Fri Feb 12 2021 10:54:39 GMT-0600 (Central Standard Time),0
A,A1SIUJEL2LS8UO,1680008846578,4,8,train,1,[1 0],[0 1],1 2 3,3,1 1,[0 2];[0 3],2 3,350 3613,50 49,0 1,3963,5,[1 0],1613148889.392,Fri Feb 12 2021 10:54:49 GMT-0600 (Central Standard Time),0
A,A1SIUJEL2LS8UO,1680008846578,4,9,train,1,[1 0],[0 1],1 2 3,3,1 1,[0 2];[0 3],2 3,479 3074,50 49,0 1,3553,5,[1 0],1613148898.742,Fri Feb 12 2021 10:54:58 GMT-0600 (Central Standard Time),0
A,A1SIUJEL2LS8UO,1680008846578,4,10,train,1,[0 1],[1 0],1 2 3,3,2 2,[1 0];[3 2],1 3,279 3057,49 51,0 1,3336,4,[1 0],1613148907.898,Fri Feb 12 2021 10:55:07 GMT-0600 (Central Standard Time),0
A,A1SIUJEL2LS8UO,1680008846578,4,11,train,1,[0 1],[1 0],1 2 3,3,2 3,[1 0];[4 0],1 4,279 3054,49 50,0 1,3333,5,[1 0],1613148917.053,Fri Feb 12 2021 10:55:17 GMT-0600 (Central Standard Time),0
A,A1SIUJEL2LS8UO,1680008846578,4,12,train,1,[0 1],[1 0],1 2 3,3,2 3,[1 0];[4 0],1 4,224 3023,49 50,0 1,3247,5,[1 0],1613148926.107,Fri Feb 12 2021 10:55:26 GMT-0600 (Central Standard Time),0
A,A1SIUJEL2LS8UO,1680008846578,4,13,train,1,[0 1],[1 0],1 2 3,3,2 2,[1 0];[3 2],1 3,247 3116,49 51,0 1,3363,4,[1 0],1613148935.286,Fri Feb 12 2021 10:55:35 GMT-0600 (Central Standard Time),0
A,A1SIUJEL2LS8UO,1680008846578,4,14,train,1,[0 1],[1 0],1 2 3,3,2 3,[1 0];[4 0],1 4,303 3011,49 50,0 1,3314,5,[1 0],1613148944.415,Fri Feb 12 2021 10:55:44 GMT-0600 (Central Standard Time),0
A,A1SIUJEL2LS8UO,1680008846578,4,15,train,1,[0 1],[1 0],1 2 3,3,2 3,[1 0];[4 0],1 4,268 3016,49 50,0 1,3284,5,[1 0],1613148953.515,Fri Feb 12 2021 10:55:53 GMT-0600 (Central Standard Time),0
A,A1SIUJEL2LS8UO,1680008846578,4,16,train,1,[0 1],[1 0],1 2 3,3,2 3,[1 0];[4 0],1 4,299 3043,49 50,0 1,3342,5,[1 0],1613148962.658,Fri Feb 12 2021 10:56:02 GMT-0600 (Central Standard Time),0
A,A1SIUJEL2LS8UO,1680008846578,4,17,train,1,[0 1],[1 0],1 2 3,3,2 3,[1 0];[4 0],1 4,279 3025,49 50,0 1,3304,5,[1 0],1613148971.812,Fri Feb 12 2021 10:56:11 GMT-0600 (Central Standard Time),0
A,A1SIUJEL2LS8UO,1680008846578,4,18,train,1,[0 1],[1 0],1 2 3,3,2 3,[1 0];[4 0],1 4,276 3028,49 50,0 1,3304,5,[1 0],1613148980.946,Fri Feb 12 2021 10:56:20 GMT-0600 (Central Standard Time),0
A,A1SIUJEL2LS8UO,1680008846578,4,19,train,1,[0 1],[1 0],1 2 3,3,2 3,[1 0];[4 0],1 4,272 3098,49 50,0 1,3370,5,[1 0],1613148990.117,Fri Feb 12 2021 10:56:30 GMT-0600 (Central Standard Time),0
A,A1SIUJEL2LS8UO,1680008846578,4,0,test,1,[1 1],[1 1],1 2 3,3,1 2,[0 2];[3 2],2 5,229 3067,50 51,0 1,3296,7,[1 0],1613148999.21,Fri Feb 12 2021 10:56:39 GMT-0600 (Central Standard Time),0
A,A1SIUJEL2LS8UO,1680008846578,5,0,train,1,[0 1],[1 0],1 2 3,3,2 2,[1 0];[3 2],1 3,314 3053,49 49,0 1,3367,4,[1 0],1613149012.379,Fri Feb 12 2021 10:56:52 GMT-0600 (Central Standard Time),0
A,A1SIUJEL2LS8UO,1680008846578,5,1,train,1,[0 1],[1 0],1 2 3,3,2 1,[1 0];[0 3],1 0,276 2977,49 50,0 1,3253,1,[1 0],1613149021.414,Fri Feb 12 2021 10:57:01 GMT-0600 (Central Standard Time),0
A,A1SIUJEL2LS8UO,1680008846578,5,2,train,1,[1 0],[0 1],1 2 3,3,1 1,[0 2];[0 3],2 3,261 3026,50 50,0 1,3287,5,[1 0],1613149030.508,Fri Feb 12 2021 10:57:10 GMT-0600 (Central Standard Time),0
A,A1SIUJEL2LS8UO,1680008846578,5,3,train,1,[0 1],[1 0],1 2 3,3,2 3,[1 0];[4 0],1 4,242 3079,49 51,0 1,3321,5,[1 0],1613149039.615,Fri Feb 12 2021 10:57:19 GMT-0600 (Central Standard Time),0
A,A1SIUJEL2LS8UO,1680008846578,5,4,train,1,[1 0],[0 1],1 2 3,3,1 1,[0 2];[0 3],2 3,227 3066,50 50,0 1,3293,5,[1 0],1613149048.706,Fri Feb 12 2021 10:57:28 GMT-0600 (Central Standard Time),0
A,A1SIUJEL2LS8UO,1680008846578,5,5,train,1,[1 0],[0 1],1 2 3,3,1 1,[0 2];[0 3],2 3,227 3027,50 50,0 1,3254,5,[1 0],1613149057.76,Fri Feb 12 2021 10:57:37 GMT-0600 (Central Standard Time),0
A,A1SIUJEL2LS8UO,1680008846578,5,6,train,1,[0 1],[1 0],1 2 3,3,2 3,[1 0];[4 0],1 4,280 3104,49 51,0 1,3384,5,[1 0],1613149066.95,Fri Feb 12 2021 10:57:46 GMT-0600 (Central Standard Time),0
A,A1SIUJEL2LS8UO,1680008846578,5,7,train,1,[1 0],[0 1],1 2 3,3,1 1,[0 2];[0 3],2 3,359 2999,50 50,0 1,3358,5,[1 0],1613149076.112,Fri Feb 12 2021 10:57:56 GMT-0600 (Central Standard Time),0
A,A1SIUJEL2LS8UO,1680008846578,5,8,train,1,[1 0],[0 1],1 2 3,3,1 1,[0 2];[0 3],2 3,253 3007,50 50,0 1,3260,5,[1 0],1613149085.152,Fri Feb 12 2021 10:58:05 GMT-0600 (Central Standard Time),0
A,A1SIUJEL2LS8UO,1680008846578,5,9,train,1,[1 0],[0 1],1 2 3,3,1 1,[0 2];[0 3],2 3,384 3057,50 50,0 1,3441,5,[1 0],1613149094.393,Fri Feb 12 2021 10:58:14 GMT-0600 (Central Standard Time),0
A,A1SIUJEL2LS8UO,1680008846578,5,10,train,1,[1 0],[0 1],1 2 3,3,1 1,[0 2];[0 3],2 3,460 3057,50 50,0 1,3517,5,[1 0],1613149103.713,Fri Feb 12 2021 10:58:23 GMT-0600 (Central Standard Time),0
A,A1SIUJEL2LS8UO,1680008846578,5,11,train,1,[0 1],[1 0],1 2 3,3,2 3,[1 0];[4 0],1 4,250 3572,49 51,0 1,3822,5,[1 0],1613149113.303,Fri Feb 12 2021 10:58:33 GMT-0600 (Central Standard Time),0
A,A1SIUJEL2LS8UO,1680008846578,5,12,train,1,[0 1],[1 0],1 2 3,3,2 3,[1 0];[4 0],1 4,262 3094,49 51,0 1,3356,5,[1 0],1613149122.437,Fri Feb 12 2021 10:58:42 GMT-0600 (Central Standard Time),0
A,A1SIUJEL2LS8UO,1680008846578,5,13,train,1,[1 0],[0 1],1 2 3,3,1 1,[0 2];[0 3],2 3,278 3036,50 50,0 1,3314,5,[1 0],1613149131.548,Fri Feb 12 2021 10:58:51 GMT-0600 (Central Standard Time),0
A,A1SIUJEL2LS8UO,1680008846578,5,14,train,1,[0 1],[1 0],1 2 3,3,2 3,[1 0];[4 0],1 4,316 3069,49 51,0 1,3385,5,[1 0],1613149140.72,Fri Feb 12 2021 10:59:00 GMT-0600 (Central Standard Time),0
A,A1SIUJEL2LS8UO,1680008846578,5,15,train,1,[0 1],[1 0],1 2 3,3,2 3,[1 0];[4 0],1 4,275 3111,49 51,0 1,3386,5,[1 0],1613149149.903,Fri Feb 12 2021 10:59:09 GMT-0600 (Central Standard Time),0
A,A1SIUJEL2LS8UO,1680008846578,5,16,train,1,[0 1],[1 0],1 2 3,3,2 3,[1 0];[4 0],1 4,391 3197,49 51,0 1,3588,5,[1 0],1613149159.264,Fri Feb 12 2021 10:59:19 GMT-0600 (Central Standard Time),0
A,A1SIUJEL2LS8UO,1680008846578,5,17,train,1,[1 0],[0 1],1 2 3,3,1 1,[0 2];[0 3],2 3,743 3527,50 50,0 1,4270,5,[1 0],1613149169.308,Fri Feb 12 2021 10:59:29 GMT-0600 (Central Standard Time),0
A,A1SIUJEL2LS8UO,1680008846578,5,18,train,1,[0 1],[1 0],1 2 3,3,-1 -1,[];[],0 0,1007 3036,116 116,0 1,4043,0,[1 0],1613149178.384,Fri Feb 12 2021 10:59:38 GMT-0600 (Central Standard Time),0
A,A1SIUJEL2LS8UO,1680008846578,5,19,train,1,[1 0],[0 1],1 2 3,3,1 1,[0 2];[0 3],2 3,303 3256,50 50,0 1,3559,5,[1 0],1613149187.738,Fri Feb 12 2021 10:59:47 GMT-0600 (Central Standard Time),0
A,A1SIUJEL2LS8UO,1680008846578,5,0,test,1,[1 1],[1 1],1 2 3,3,1 2,[0 2];[3 2],2 5,389 3243,50 49,0 1,3632,7,[1 0],1613149197.156,Fri Feb 12 2021 10:59:57 GMT-0600 (Central Standard Time),0
A,A1SIUJEL2LS8UO,1680008846578,6,0,train,1,[1 0],[1 0],1 2 3,3,1 2,[2 0];[2 3],2 2,359 3612,49 50,0 1,3971,4,[0 1],1613149210.969,Fri Feb 12 2021 11:00:10 GMT-0600 (Central Standard Time),0
A,A1SIUJEL2LS8UO,1680008846578,6,1,train,1,[1 0],[1 0],1 2 3,3,1 1,[2 0];[3 0],2 3,338 3464,49 49,0 1,3802,5,[0 1],1613149220.657,Fri Feb 12 2021 11:00:20 GMT-0600 (Central Standard Time),0
A,A1SIUJEL2LS8UO,1680008846578,6,2,train,1,[1 0],[1 0],1 2 3,3,1 2,[2 0];[2 3],2 2,685 3768,49 50,0 1,4453,4,[0 1],1613149230.96,Fri Feb 12 2021 11:00:30 GMT-0600 (Central Standard Time),0
A,A1SIUJEL2LS8UO,1680008846578,6,3,train,1,[1 0],[1 0],1 2 3,3,1 1,[2 0];[3 0],2 3,525 3273,49 49,0 1,3798,5,[0 1],1613149240.593,Fri Feb 12 2021 11:00:40 GMT-0600 (Central Standard Time),0
A,A1SIUJEL2LS8UO,1680008846578,6,4,train,1,[0 1],[0 1],1 2 3,3,2 3,[0 1];[0 4],1 4,292 3160,50 51,0 1,3452,5,[0 1],1613149249.845,Fri Feb 12 2021 11:00:49 GMT-0600 (Central Standard Time),0
A,A1SIUJEL2LS8UO,1680008846578,6,5,train,1,[0 1],[0 1],1 2 3,3,2 3,[0 1];[0 4],1 4,338 3140,50 51,0 1,3478,5,[0 1],1613149259.125,Fri Feb 12 2021 11:00:59 GMT-0600 (Central Standard Time),0
A,A1SIUJEL2LS8UO,1680008846578,6,6,train,1,[0 1],[0 1],1 2 3,3,2 3,[0 1];[0 4],1 4,327 3418,50 51,0 1,3745,5,[0 1],1613149268.696,Fri Feb 12 2021 11:01:08 GMT-0600 (Central Standard Time),0
A,A1SIUJEL2LS8UO,1680008846578,6,7,train,1,[0 1],[0 1],1 2 3,3,2 3,[0 1];[0 4],1 4,300 3064,50 51,0 1,3364,5,[0 1],1613149277.914,Fri Feb 12 2021 11:01:17 GMT-0600 (Central Standard Time),0
A,A1SIUJEL2LS8UO,1680008846578,6,8,train,1,[1 0],[1 0],1 2 3,3,1 1,[2 0];[3 0],2 3,278 3163,49 49,0 1,3441,5,[0 1],1613149287.17,Fri Feb 12 2021 11:01:27 GMT-0600 (Central Standard Time),0
A,A1SIUJEL2LS8UO,1680008846578,6,9,train,1,[0 1],[0 1],1 2 3,3,2 3,[0 1];[0 4],1 4,304 3053,50 51,0 1,3357,5,[0 1],1613149296.327,Fri Feb 12 2021 11:01:36 GMT-0600 (Central Standard Time),0
A,A1SIUJEL2LS8UO,1680008846578,6,10,train,1,[1 0],[1 0],1 2 3,3,1 1,[2 0];[3 0],2 3,369 3320,49 49,0 1,3689,5,[0 1],1613149305.862,Fri Feb 12 2021 11:01:45 GMT-0600 (Central Standard Time),0
A,A1SIUJEL2LS8UO,1680008846578,6,11,train,1,[0 1],[0 1],1 2 3,3,2 3,[0 1];[0 4],1 4,313 3543,50 51,0 1,3856,5,[0 1],1613149315.539,Fri Feb 12 2021 11:01:55 GMT-0600 (Central Standard Time),0
A,A1SIUJEL2LS8UO,1680008846578,6,12,train,1,[1 0],[1 0],1 2 3,3,1 1,[2 0];[3 0],2 3,374 3783,49 49,0 1,4157,5,[0 1],1613149325.538,Fri Feb 12 2021 11:02:05 GMT-0600 (Central Standard Time),0
A,A1SIUJEL2LS8UO,1680008846578,6,13,train,1,[0 1],[0 1],1 2 3,3,2 3,[0 1];[0 4],1 4,311 3484,50 51,0 1,3795,5,[0 1],1613149335.14,Fri Feb 12 2021 11:02:15 GMT-0600 (Central Standard Time),0
A,A1SIUJEL2LS8UO,1680008846578,6,14,train,1,[1 0],[1 0],1 2 3,3,-1 1,[];[3 0],0 3,1009 2315,116 49,0 1,3324,3,[0 1],1613149344.281,Fri Feb 12 2021 11:02:24 GMT-0600 (Central Standard Time),0
A,A1SIUJEL2LS8UO,1680008846578,6,15,train,1,[0 1],[0 1],1 2 3,3,2 3,[0 1];[0 4],1 4,342 3512,50 51,0 1,3854,5,[0 1],1613149353.958,Fri Feb 12 2021 11:02:33 GMT-0600 (Central Standard Time),0
A,A1SIUJEL2LS8UO,1680008846578,6,16,train,1,[0 1],[0 1],1 2 3,3,-1 3,[];[0 4],0 4,1002 2412,116 51,0 1,3414,4,[0 1],1613149363.191,Fri Feb 12 2021 11:02:43 GMT-0600 (Central Standard Time),0
A,A1SIUJEL2LS8UO,1680008846578,6,17,train,1,[0 1],[0 1],1 2 3,3,2 3,[0 1];[0 4],1 4,667 3325,50 51,0 1,3992,5,[0 1],1613149372.987,Fri Feb 12 2021 11:02:52 GMT-0600 (Central Standard Time),0
A,A1SIUJEL2LS8UO,1680008846578,6,18,train,1,[1 0],[1 0],1 2 3,3,1 1,[2 0];[3 0],2 3,590 3213,49 49,0 1,3803,5,[0 1],1613149382.609,Fri Feb 12 2021 11:03:02 GMT-0600 (Central Standard Time),0
A,A1SIUJEL2LS8UO,1680008846578,6,19,train,1,[1 0],[1 0],1 2 3,3,1 1,[2 0];[3 0],2 3,306 3158,49 49,0 1,3464,5,[0 1],1613149391.908,Fri Feb 12 2021 11:03:11 GMT-0600 (Central Standard Time),0
A,A1SIUJEL2LS8UO,1680008846578,6,0,test,1,[1 1],[1 1],1 2 3,3,1 2,[2 0];[2 3],2 5,307 3084,49 50,0 1,3391,7,[0 1],1613149401.129,Fri Feb 12 2021 11:03:21 GMT-0600 (Central Standard Time),0
A,A1SIUJEL2LS8UO,1680008846578,7,0,train,1,[1 0],[1 0],1 2 3,3,2 3,[0 1];[0 4],0 0,289 3136,49 49,0 1,3425,0,[0 1],1613149414.356,Fri Feb 12 2021 11:03:34 GMT-0600 (Central Standard Time),0
A,A1SIUJEL2LS8UO,1680008846578,7,1,train,1,[1 0],[1 0],1 2 3,3,2 2,[0 1];[2 3],0 2,402 3117,49 50,0 1,3519,2,[0 1],1613149423.669,Fri Feb 12 2021 11:03:43 GMT-0600 (Central Standard Time),0
A,A1SIUJEL2LS8UO,1680008846578,7,2,train,1,[1 0],[1 0],1 2 3,3,1 1,[2 0];[3 0],2 3,224 3268,50 51,0 1,3492,5,[0 1],1613149432.958,Fri Feb 12 2021 11:03:52 GMT-0600 (Central Standard Time),0
A,A1SIUJEL2LS8UO,1680008846578,7,3,train,1,[0 1],[0 1],1 2 3,3,2 3,[0 1];[0 4],1 4,297 3412,49 49,0 1,3709,5,[0 1],1613149442.462,Fri Feb 12 2021 11:04:02 GMT-0600 (Central Standard Time),0
A,A1SIUJEL2LS8UO,1680008846578,7,4,train,1,[0 1],[0 1],1 2 3,3,2 3,[0 1];[0 4],1 4,229 3076,49 49,0 1,3305,5,[0 1],1613149451.555,Fri Feb 12 2021 11:04:11 GMT-0600 (Central Standard Time),0
A,A1SIUJEL2LS8UO,1680008846578,7,5,train,1,[0 1],[0 1],1 2 3,3,2 3,[0 1];[0 4],1 4,259 3113,49 49,0 1,3372,5,[0 1],1613149460.711,Fri Feb 12 2021 11:04:20 GMT-0600 (Central Standard Time),0
A,A1SIUJEL2LS8UO,1680008846578,7,6,train,1,[1 0],[1 0],1 2 3,3,1 1,[2 0];[3 0],2 3,236 3068,50 51,0 1,3304,5,[0 1],1613149469.795,Fri Feb 12 2021 11:04:29 GMT-0600 (Central Standard Time),0
A,A1SIUJEL2LS8UO,1680008846578,7,7,train,1,[0 1],[0 1],1 2 3,3,2 3,[0 1];[0 4],1 4,259 3088,49 49,0 1,3347,5,[0 1],1613149478.929,Fri Feb 12 2021 11:04:38 GMT-0600 (Central Standard Time),0
A,A1SIUJEL2LS8UO,1680008846578,7,8,train,1,[0 1],[0 1],1 2 3,3,2 3,[0 1];[0 4],1 4,335 3010,49 49,0 1,3345,5,[0 1],1613149488.067,Fri Feb 12 2021 11:04:48 GMT-0600 (Central Standard Time),0
A,A1SIUJEL2LS8UO,1680008846578,7,9,train,1,[1 0],[1 0],1 2 3,3,1 1,[2 0];[3 0],2 3,301 3050,50 51,0 1,3351,5,[0 1],1613149497.203,Fri Feb 12 2021 11:04:57 GMT-0600 (Central Standard Time),0
A,A1SIUJEL2LS8UO,1680008846578,7,10,train,1,[0 1],[0 1],1 2 3,3,2 3,[0 1];[0 4],1 4,238 3278,49 49,0 1,3516,5,[0 1],1613149506.499,Fri Feb 12 2021 11:05:06 GMT-0600 (Central Standard Time),0
A,A1SIUJEL2LS8UO,1680008846578,7,11,train,1,[0 1],[0 1],1 2 3,3,2 -1,[0 1];[],1 0,254 3787,49 116,0 1,4041,1,[0 1],1613149515.565,Fri Feb 12 2021 11:05:15 GMT-0600 (Central Standard Time),0
A,A1SIUJEL2LS8UO,1680008846578,7,12,train,1,[0 1],[0 1],1 2 3,3,2 3,[0 1];[0 4],1 4,419 3175,49 49,0 1,3594,5,[0 1],1613149524.936,Fri Feb 12 2021 11:05:24 GMT-0600 (Central Standard Time),0
A,A1SIUJEL2LS8UO,1680008846578,7,13,train,1,[1 0],[1 0],1 2 3,3,1 1,[2 0];[3 0],2 3,275 3087,50 51,0 1,3362,5,[0 1],1613149534.099,Fri Feb 12 2021 11:05:34 GMT-0600 (Central Standard Time),0
A,A1SIUJEL2LS8UO,1680008846578,7,14,train,1,[0 1],[0 1],1 2 3,3,2 3,[0 1];[0 4],1 4,205 3240,49 49,0 1,3445,5,[0 1],1613149543.335,Fri Feb 12 2021 11:05:43 GMT-0600 (Central Standard Time),0
A,A1SIUJEL2LS8UO,1680008846578,7,15,train,1,[1 0],[1 0],1 2 3,3,1 1,[2 0];[3 0],2 3,292 3723,50 51,0 1,4015,5,[0 1],1613149553.123,Fri Feb 12 2021 11:05:53 GMT-0600 (Central Standard Time),0
A,A1SIUJEL2LS8UO,1680008846578,7,16,train,1,[1 0],[1 0],1 2 3,3,1 1,[2 0];[3 0],2 3,329 3032,50 51,0 1,3361,5,[0 1],1613149562.265,Fri Feb 12 2021 11:06:02 GMT-0600 (Central Standard Time),0
A,A1SIUJEL2LS8UO,1680008846578,7,17,train,1,[1 0],[1 0],1 2 3,3,1 1,[2 0];[3 0],2 3,341 3605,50 51,0 1,3946,5,[0 1],1613149572.006,Fri Feb 12 2021 11:06:12 GMT-0600 (Central Standard Time),0
A,A1SIUJEL2LS8UO,1680008846578,7,18,train,1,[1 0],[1 0],1 2 3,3,1 1,[2 0];[3 0],2 3,592 3154,50 51,0 1,3746,5,[0 1],1613149581.529,Fri Feb 12 2021 11:06:21 GMT-0600 (Central Standard Time),0
A,A1SIUJEL2LS8UO,1680008846578,7,19,train,1,[0 1],[0 1],1 2 3,3,2 3,[0 1];[0 4],1 4,298 3104,49 49,0 1,3402,5,[0 1],1613149590.727,Fri Feb 12 2021 11:06:30 GMT-0600 (Central Standard Time),0
A,A1SIUJEL2LS8UO,1680008846578,7,0,test,1,[1 1],[1 1],1 2 3,3,1 2,[2 0];[2 3],2 5,293 3039,50 50,0 1,3332,7,[0 1],1613149599.86,Fri Feb 12 2021 11:06:39 GMT-0600 (Central Standard Time),0
A,A1SIUJEL2LS8UO,1680008846578,8,0,train,1,[1 0],[1 0],1 2 3,3,2 1,[0 1];[3 0],0 3,652 3082,49 49,0 1,3734,3,[0 1],1613149613.396,Fri Feb 12 2021 11:06:53 GMT-0600 (Central Standard Time),0
A,A1SIUJEL2LS8UO,1680008846578,8,1,train,1,[1 0],[1 0],1 2 3,3,1 1,[2 0];[3 0],2 3,313 3076,50 49,0 1,3389,5,[0 1],1613149622.598,Fri Feb 12 2021 11:07:02 GMT-0600 (Central Standard Time),0
A,A1SIUJEL2LS8UO,1680008846578,8,2,train,1,[0 1],[0 1],1 2 3,3,2 3,[0 1];[0 4],1 4,261 3016,49 50,0 1,3277,5,[0 1],1613149631.663,Fri Feb 12 2021 11:07:11 GMT-0600 (Central Standard Time),0
A,A1SIUJEL2LS8UO,1680008846578,8,3,train,1,[0 1],[0 1],1 2 3,3,2 3,[0 1];[0 4],1 4,274 3160,49 50,0 1,3434,5,[0 1],1613149640.882,Fri Feb 12 2021 11:07:20 GMT-0600 (Central Standard Time),0
A,A1SIUJEL2LS8UO,1680008846578,8,4,train,1,[1 0],[1 0],1 2 3,3,1 1,[2 0];[3 0],2 3,293 3290,50 49,0 1,3583,5,[0 1],1613149650.272,Fri Feb 12 2021 11:07:30 GMT-0600 (Central Standard Time),0
A,A1SIUJEL2LS8UO,1680008846578,8,5,train,1,[1 0],[1 0],1 2 3,3,1 2,[2 0];[2 3],2 2,268 3267,50 51,0 1,3535,4,[0 1],1613149659.635,Fri Feb 12 2021 11:07:39 GMT-0600 (Central Standard Time),0
A,A1SIUJEL2LS8UO,1680008846578,8,6,train,1,[0 1],[0 1],1 2 3,3,2 3,[0 1];[0 4],1 4,350 3078,49 50,0 1,3428,5,[0 1],1613149668.87,Fri Feb 12 2021 11:07:48 GMT-0600 (Central Standard Time),0
A,A1SIUJEL2LS8UO,1680008846578,8,7,train,1,[1 0],[1 0],1 2 3,3,1 1,[2 0];[3 0],2 3,335 3100,50 49,0 1,3435,5,[0 1],1613149678.125,Fri Feb 12 2021 11:07:58 GMT-0600 (Central Standard Time),0
A,A1SIUJEL2LS8UO,1680008846578,8,8,train,1,[1 0],[1 0],1 2 3,3,1 1,[2 0];[3 0],2 3,547 3163,50 49,0 1,3710,5,[0 1],1613149687.67,Fri Feb 12 2021 11:08:07 GMT-0600 (Central Standard Time),0
A,A1SIUJEL2LS8UO,1680008846578,8,9,train,1,[1 0],[1 0],1 2 3,3,1 1,[2 0];[3 0],2 3,267 3306,50 49,0 1,3573,5,[0 1],1613149697.063,Fri Feb 12 2021 11:08:17 GMT-0600 (Central Standard Time),0
A,A1SIUJEL2LS8UO,1680008846578,8,10,train,1,[1 0],[1 0],1 2 3,3,1 1,[2 0];[3 0],2 3,314 3119,50 49,0 1,3433,5,[0 1],1613149706.284,Fri Feb 12 2021 11:08:26 GMT-0600 (Central Standard Time),0
A,A1SIUJEL2LS8UO,1680008846578,8,11,train,1,[0 1],[0 1],1 2 3,3,2 3,[0 1];[0 4],1 4,302 3299,49 50,0 1,3601,5,[0 1],1613149715.722,Fri Feb 12 2021 11:08:35 GMT-0600 (Central Standard Time),0
A,A1SIUJEL2LS8UO,1680008846578,8,12,train,1,[0 1],[0 1],1 2 3,3,2 3,[0 1];[0 4],1 4,250 3050,49 50,0 1,3300,5,[0 1],1613149724.823,Fri Feb 12 2021 11:08:44 GMT-0600 (Central Standard Time),0
A,A1SIUJEL2LS8UO,1680008846578,8,13,train,1,[1 0],[1 0],1 2 3,3,1 1,[2 0];[3 0],2 3,295 3359,50 49,0 1,3654,5,[0 1],1613149734.299,Fri Feb 12 2021 11:08:54 GMT-0600 (Central Standard Time),0
A,A1SIUJEL2LS8UO,1680008846578,8,14,train,1,[0 1],[0 1],1 2 3,3,2 3,[0 1];[0 4],1 4,266 3072,49 50,0 1,3338,5,[0 1],1613149743.456,Fri Feb 12 2021 11:09:03 GMT-0600 (Central Standard Time),0
A,A1SIUJEL2LS8UO,1680008846578,8,15,train,1,[0 1],[0 1],1 2 3,3,2 3,[0 1];[0 4],1 4,256 3077,49 50,0 1,3333,5,[0 1],1613149752.594,Fri Feb 12 2021 11:09:12 GMT-0600 (Central Standard Time),0
A,A1SIUJEL2LS8UO,1680008846578,8,16,train,1,[0 1],[0 1],1 2 3,3,2 3,[0 1];[0 4],1 4,385 3194,49 50,0 1,3579,5,[0 1],1613149761.971,Fri Feb 12 2021 11:09:21 GMT-0600 (Central Standard Time),0
A,A1SIUJEL2LS8UO,1680008846578,8,17,train,1,[1 0],[1 0],1 2 3,3,1 1,[2 0];[3 0],2 3,300 3216,50 49,0 1,3516,5,[0 1],1613149771.314,Fri Feb 12 2021 11:09:31 GMT-0600 (Central Standard Time),0
A,A1SIUJEL2LS8UO,1680008846578,8,18,train,1,[0 1],[0 1],1 2 3,3,2 3,[0 1];[0 4],1 4,352 3023,49 50,0 1,3375,5,[0 1],1613149780.51,Fri Feb 12 2021 11:09:40 GMT-0600 (Central Standard Time),0
A,A1SIUJEL2LS8UO,1680008846578,8,19,train,1,[0 1],[0 1],1 2 3,3,2 3,[0 1];[0 4],1 4,576 3117,49 50,0 1,3693,5,[0 1],1613149790.039,Fri Feb 12 2021 11:09:50 GMT-0600 (Central Standard Time),0
A,A1SIUJEL2LS8UO,1680008846578,8,0,test,1,[1 1],[1 1],1 2 3,3,1 2,[2 0];[2 3],2 5,293 3098,50 51,0 1,3391,7,[0 1],1613149799.262,Fri Feb 12 2021 11:09:59 GMT-0600 (Central Standard Time),0
A,A1SIUJEL2LS8UO,1680008846578,9,0,train,1,[1 0],[0 1],1 2 3,3,2 3,[1 0];[4 0],0 0,463 3057,49 49,0 1,3520,0,[1 0],1613149812.564,Fri Feb 12 2021 11:10:12 GMT-0600 (Central Standard Time),0
A,A1SIUJEL2LS8UO,1680008846578,9,1,train,1,[1 0],[0 1],1 2 3,3,2 2,[1 0];[3 2],0 2,527 3104,49 50,0 1,3631,2,[1 0],1613149821.977,Fri Feb 12 2021 11:10:21 GMT-0600 (Central Standard Time),0
A,A1SIUJEL2LS8UO,1680008846578,9,2,train,1,[0 1],[1 0],1 2 3,3,2 3,[1 0];[4 0],1 4,306 3057,49 49,0 1,3363,5,[1 0],1613149831.137,Fri Feb 12 2021 11:10:31 GMT-0600 (Central Standard Time),0
A,A1SIUJEL2LS8UO,1680008846578,9,3,train,1,[1 0],[0 1],1 2 3,3,1 1,[0 2];[0 3],2 3,305 3031,50 51,0 1,3336,5,[1 0],1613149840.256,Fri Feb 12 2021 11:10:40 GMT-0600 (Central Standard Time),0
A,A1SIUJEL2LS8UO,1680008846578,9,4,train,1,[0 1],[1 0],1 2 3,3,2 3,[1 0];[4 0],1 4,258 3238,49 49,0 1,3496,5,[1 0],1613149849.55,Fri Feb 12 2021 11:10:49 GMT-0600 (Central Standard Time),0
A,A1SIUJEL2LS8UO,1680008846578,9,5,train,1,[1 0],[0 1],1 2 3,3,1 1,[0 2];[0 3],2 3,210 3048,50 51,0 1,3258,5,[1 0],1613149858.589,Fri Feb 12 2021 11:10:58 GMT-0600 (Central Standard Time),0
A,A1SIUJEL2LS8UO,1680008846578,9,6,train,1,[1 0],[0 1],1 2 3,3,1 1,[0 2];[0 3],2 3,308 3071,50 51,0 1,3379,5,[1 0],1613149867.77,Fri Feb 12 2021 11:11:07 GMT-0600 (Central Standard Time),0
A,A1SIUJEL2LS8UO,1680008846578,9,7,train,1,[0 1],[1 0],1 2 3,3,2 3,[1 0];[4 0],1 4,711 3513,49 49,0 1,4224,5,[1 0],1613149877.787,Fri Feb 12 2021 11:11:17 GMT-0600 (Central Standard Time),0
A,A1SIUJEL2LS8UO,1680008846578,9,8,train,1,[0 1],[1 0],1 2 3,3,2 -1,[1 0];[],1 0,594 3787,49 116,0 1,4381,1,[1 0],1613149887.192,Fri Feb 12 2021 11:11:27 GMT-0600 (Central Standard Time),0
A,A1SIUJEL2LS8UO,1680008846578,9,9,train,1,[1 0],[0 1],1 2 3,3,1 2,[0 2];[3 2],2 2,404 3381,50 50,0 1,3785,4,[1 0],1613149896.779,Fri Feb 12 2021 11:11:36 GMT-0600 (Central Standard Time),0
A,A1SIUJEL2LS8UO,1680008846578,9,10,train,1,[0 1],[1 0],1 2 3,3,2 3,[1 0];[4 0],1 4,260 3367,49 49,0 1,3627,5,[1 0],1613149906.197,Fri Feb 12 2021 11:11:46 GMT-0600 (Central Standard Time),0
A,A1SIUJEL2LS8UO,1680008846578,9,11,train,1,[0 1],[1 0],1 2 3,3,2 3,[1 0];[4 0],1 4,366 3159,49 49,0 1,3525,5,[1 0],1613149915.515,Fri Feb 12 2021 11:11:55 GMT-0600 (Central Standard Time),0
A,A1SIUJEL2LS8UO,1680008846578,9,12,train,1,[0 1],[1 0],1 2 3,3,2 3,[1 0];[4 0],1 4,254 3151,49 49,0 1,3405,5,[1 0],1613149924.717,Fri Feb 12 2021 11:12:04 GMT-0600 (Central Standard Time),0
A,A1SIUJEL2LS8UO,1680008846578,9,13,train,1,[1 0],[0 1],1 2 3,3,1 1,[0 2];[0 3],2 3,289 3135,50 51,0 1,3424,5,[1 0],1613149933.931,Fri Feb 12 2021 11:12:13 GMT-0600 (Central Standard Time),0
A,A1SIUJEL2LS8UO,1680008846578,9,14,train,1,[0 1],[1 0],1 2 3,3,2 3,[1 0];[4 0],1 4,291 3109,49 49,0 1,3400,5,[1 0],1613149943.121,Fri Feb 12 2021 11:12:23 GMT-0600 (Central Standard Time),0
A,A1SIUJEL2LS8UO,1680008846578,9,15,train,1,[0 1],[1 0],1 2 3,3,2 3,[1 0];[4 0],1 4,266 3244,49 49,0 1,3510,5,[1 0],1613149952.417,Fri Feb 12 2021 11:12:32 GMT-0600 (Central Standard Time),0
A,A1SIUJEL2LS8UO,1680008846578,9,16,train,1,[1 0],[0 1],1 2 3,3,1 1,[0 2];[0 3],2 3,274 3023,50 51,0 1,3297,5,[1 0],1613149961.507,Fri Feb 12 2021 11:12:41 GMT-0600 (Central Standard Time),0
A,A1SIUJEL2LS8UO,1680008846578,9,17,train,1,[0 1],[1 0],1 2 3,3,2 3,[1 0];[4 0],1 4,279 3134,49 49,0 1,3413,5,[1 0],1613149970.726,Fri Feb 12 2021 11:12:50 GMT-0600 (Central Standard Time),0
A,A1SIUJEL2LS8UO,1680008846578,9,18,train,1,[1 0],[0 1],1 2 3,3,1 1,[0 2];[0 3],2 3,372 3103,50 51,0 1,3475,5,[1 0],1613149979.999,Fri Feb 12 2021 11:12:59 GMT-0600 (Central Standard Time),0
A,A1SIUJEL2LS8UO,1680008846578,9,19,train,1,[1 0],[0 1],1 2 3,3,1 1,[0 2];[0 3],2 3,322 3138,50 51,0 1,3460,5,[1 0],1613149989.246,Fri Feb 12 2021 11:13:09 GMT-0600 (Central Standard Time),0
A,A1SIUJEL2LS8UO,1680008846578,9,0,test,1,[1 1],[1 1],1 2 3,3,1 2,[0 2];[3 2],2 5,261 3097,50 50,0 1,3358,7,[1 0],1613149998.393,Fri Feb 12 2021 11:13:18 GMT-0600 (Central Standard Time),0
